{"timestamp": "2024-06-27 05:25:14", "mean_volume": {"BBG000BBV4M5": 78.13333333333334, "BBG000BX7DH0": 24.66304347826087, "BBG000C7P5M7": 186.88888888888889, "BBG000DBD6F6": 46.48295454545455, "BBG000F6YPH8": 1351.248427672956, "BBG000FWGSZ5": 184.97076023391813, "BBG000GQSRR5": 48.14462809917355, "BBG000K3STR7": 1454.994708994709, "BBG000LNHHJ9": 409.34473684210525, "BBG000LWNRP3": 7.939597315436242, "BBG000MZL0Y6": 170.4747899159664, "BBG000NLB2G3": 17.57674418604651, "BBG000NLC9Z6": 237.14336917562724, "BBG000PKWCQ7": 368.74, "BBG000Q7GG57": 17.710227272727273, "BBG000Q7ZZY2": 2158.5055248618783, "BBG000QF1Q17": 4546.488126649077, "BBG000QFH687": 448.6891495601173, "BBG000QJW156": 3274.148337595908, "BBG000R04X57": 8609.353535353535, "BBG000R607Y3": 1721.3984375, "BBG000RG4ZQ4": 454.20723684210526, "BBG000RJL816": 127.125, "BBG000RJWGC4": 83.95714285714286, "BBG000RK52V1": 1578.4237288135594, "BBG000RMWQD4": 4039.6220472440946, "BBG000RP8V70": 8.575757575757576, "BBG000RTHVK7": 96.83150183150182, "BBG000SK7JS5": 10.182320441988951, "BBG000TJ6F42": 216.02542372881356, "BBG000TY1CD1": 850.7742782152231, "BBG000V07CB8": 51.355670103092784, "BBG000VG1034": 346.25, "BBG000VH7TZ8": 495.60330578512395, "BBG000VJMH65": 40.797814207650276, "BBG000VKG4R5": 202.52852852852854, "BBG000VQWH86": 202.50710900473933, "BBG000W325F7": 832.0732323232323, "BBG001DJNR51": 1224.798076923077, "BBG002458LF8": 4446.045212765957, "BBG0029SFXB3": 175.51254480286738, "BBG002B298N6": 71.98373983739837, "BBG002B9MYC1": 30.90521327014218, "BBG002BCQK67": 27.73076923076923, "BBG002GHV6L9": 32622.117857142857, "BBG002W2FT69": 210.39830508474577, "BBG002YFXL29": 14.679347826086957, "BBG003LYCMB1": 4575.849740932643, "BBG004730JJ5": 9911.863979848866, "BBG004730N88": 50500.962216624685, "BBG004730RP0": 81329.27707808564, "BBG004730ZJ9": 228276.49622166247, "BBG004731032": 19448.59949622166, "BBG004731354": 45090.871536523926, "BBG004731489": 19162.357682619648, "BBG0047315D0": 7959.306329113924, "BBG00475JZZ6": 2828.117486338798, "BBG00475K2X9": 4123.332474226804, "BBG00475K6C3": 17245.017632241812, "BBG00475KKY8": 31183.15113350126, "BBG004PYF2N3": 32421.35264483627, "BBG004RVFCY3": 4263.346835443038, "BBG004RVFFC0": 40220.566750629725, "BBG004S681B4": 14981.318181818182, "BBG004S681W1": 4286.022670025189, "BBG004S682Z6": 10516.200507614214, "BBG004S683W7": 42168.47607052897, "BBG004S68473": 19865.231738035265, "BBG004S684M6": 7338.244332493703, "BBG004S68507": 21853.76322418136, "BBG004S68598": 61692.63476070529, "BBG004S68614": 8924.645569620254, "BBG004S68696": 889.8753894080996, "BBG004S686W0": 983.2809278350516, "BBG004S68758": 705.4526627218935, "BBG004S687G6": 227.14673913043478, "BBG004S687W8": 603.8135048231511, "BBG004S688G4": 70.7909604519774, "BBG004S689R0": 1087.8687664041995, "BBG004S68B31": 20725.395465994963, "BBG004S68BH6": 25652.783375314862, "BBG004S68BR5": 3222.214833759591, "BBG004S68C39": 2591.1766784452298, "BBG004S68CP5": 5176.560606060606, "BBG004S68CV8": 12.146067415730338, "BBG004S68DD6": 293.9802955665025, "BBG004S68JR8": 1329.0626631853786, "BBG004TC84Z8": 1001.5913705583756, "BBG004Z2RGW8": 605.7751004016064, "BBG0063FKTD9": 580.048048048048, "BBG006L8G4H1": 0, "BBG008F2T3T2": 24476.40253164557, "BBG008HD3V85": 52100.58690176322, "BBG009GSYN76": 5432.92507204611, "BBG00BGKYH17": 35.29953917050691, "BBG00F6NKQX3": 1635.4886649874056, "BBG00F9XX7H4": 47051.982323232325, "BBG00HY6V6H5": 745.6731301939058, "BBG00QKJSX05": 1159.8097826086957, "BBG0100R9963": 22818.204545454544, "RU000A106T36": 4824.392947103274, "TCS000BN56Q9": 164.18421052631578, "TCS00A0JNXF9": 91.39111111111112, "TCS00A0JPP37": 20423.390428211587, "TCS00A0JR514": 580.373076923077, "TCS00A0JRH43": 659.5830985915493, "TCS00A0JVJQ8": 521.3571428571429, "TCS00A0ZZAC4": 2349.531969309463, "TCS00A0ZZBC2": 3161.1392405063293, "TCS00A0ZZFS9": 3781.39746835443, "TCS00A1002V2": 33259.639798488664, "TCS00A102093": 4617.794444444445, "TCS00A103X66": 2026.280303030303, "TCS00A105BN4": 295.0163265306122, "TCS00A105EX7": 12019.206549118388, "TCS00A105NV2": 2365.1489971346705, "TCS00A106XF2": 1204.0129198966408, "TCS00A106YF0": 20360.136020151134, "TCS00A107ER5": 119.95081967213115, "TCS00A107J11": 2859.9567430025445, "TCS00A107JE2": 264.25347222222223, "TCS00A107KX0": 2432.562841530055, "TCS00A107RM8": 582.8197879858657, "TCS00A107UL4": 17528.340050377832, "TCS00A108GD8": 2380.1297297297297, "TCS00Y3XYV94": 11616.935135135134, "TCS10A0JNAB6": 384.4939024390244}, "info": {"candle": "15_MIN", "days_interval": 2}}